AGE,B,RM,CRIM,DIS,INDUS,LSTAT,NOX,PTRATIO,RAD,ZN,TAX,CHAS,Target
65.2,396.9,6.575,0.00632,4.09,2.31,4.98,0.538,15.3,1,18,296,0,24
78.9,396.9,6.421,0.02731,4.9671,7.07,9.14,0.469,17.8,2,0,242,0,21.6
61.1,392.83,7.185,0.02729,4.9671,7.07,4.03,0.469,17.8,2,0,242,0,34.7
45.8,394.63,6.998,0.03237,6.0622,2.18,2.94,0.458,18.7,3,0,222,0,33.4
54.2,396.9,7.147,0.06905,6.0622,2.18,5.33,0.458,18.7,3,0,222,0,36.2
58.7,394.12,6.43,0.02985,6.0622,2.18,5.21,0.458,18.7,3,0,222,0,28.7
66.6,395.6,6.012,0.08829,5.5605,7.87,12.43,0.524,15.2,5,12.5,311,0,22.9
96.1,396.9,6.172,0.14455,5.9505,7.87,19.15,0.524,15.2,5,12.5,311,0,27.1
100,386.63,5.631,0.21124,6.0821,7.87,29.93,0.524,15.2,5,12.5,311,0,16.5
85.9,386.71,6.004,0.17004,6.5921,7.87,17.1,0.524,15.2,5,12.5,311,0,18.9
94.3,392.52,6.377,0.22489,6.3467,7.87,20.45,0.524,15.2,5,12.5,311,0,15
82.9,396.9,6.009,0.11747,6.2267,7.87,13.27,0.524,15.2,5,12.5,311,0,18.9
39,390.5,5.889,0.09378,5.4509,7.87,15.71,0.524,15.2,5,12.5,311,0,21.7
61.8,396.9,5.949,0.62976,4.7075,8.14,8.26,0.538,21,4,0,307,0,20.4
84.5,380.02,6.096,0.63796,4.4619,8.14,10.26,0.538,21,4,0,307,0,18.2
56.5,395.62,5.834,0.62739,4.4986,8.14,8.47,0.538,21,4,0,307,0,19.9
29.3,386.85,5.935,1.05393,4.4986,8.14,6.58,0.538,21,4,0,307,0,23.1
81.7,386.75,5.99,0.7842,4.2579,8.14,14.67,0.538,21,4,0,307,0,17.5
36.6,288.99,5.456,0.80271,3.7965,8.14,11.69,0.538,21,4,0,307,0,20.2
69.5,390.95,5.727,0.7258,3.7965,8.14,11.28,0.538,21,4,0,307,0,18.2
98.1,376.57,5.57,1.25179,3.7979,8.14,21.02,0.538,21,4,0,307,0,13.6
89.2,392.53,5.965,0.85204,4.0123,8.14,13.83,0.538,21,4,0,307,0,19.6
91.7,396.9,6.142,1.23247,3.9769,8.14,18.72,0.538,21,4,0,307,0,15.2
100,394.54,5.813,0.98843,4.0952,8.14,19.88,0.538,21,4,0,307,0,14.5
94.1,394.33,5.924,0.75026,4.3996,8.14,16.3,0.538,21,4,0,307,0,15.6
85.7,303.42,5.599,0.84054,4.4546,8.14,16.51,0.538,21,4,0,307,0,13.9
90.3,376.88,5.813,0.67191,4.682,8.14,14.81,0.538,21,4,0,307,0,16.6
88.8,306.38,6.047,0.95577,4.4534,8.14,17.28,0.538,21,4,0,307,0,14.8
94.4,387.94,6.495,0.77299,4.4547,8.14,12.8,0.538,21,4,0,307,0,18.4
87.3,380.23,6.674,1.00245,4.239,8.14,11.98,0.538,21,4,0,307,0,21
94.1,360.17,5.713,1.13081,4.233,8.14,22.6,0.538,21,4,0,307,0,12.7
100,376.73,6.072,1.35472,4.175,8.14,13.04,0.538,21,4,0,307,0,14.5
82,232.6,5.95,1.38799,3.99,8.14,27.71,0.538,21,4,0,307,0,13.2
95,358.77,5.701,1.15172,3.7872,8.14,18.35,0.538,21,4,0,307,0,13.1
96.9,248.31,6.096,1.61282,3.7598,8.14,20.34,0.538,21,4,0,307,0,13.5
68.2,396.9,5.933,0.06417,3.3603,5.96,9.68,0.499,19.2,5,0,279,0,18.9
61.4,377.56,5.841,0.09744,3.3779,5.96,11.41,0.499,19.2,5,0,279,0,20
41.5,396.9,5.85,0.08014,3.9342,5.96,8.77,0.499,19.2,5,0,279,0,21
30.2,393.43,5.966,0.17505,3.8473,5.96,10.13,0.499,19.2,5,0,279,0,24.7
21.8,395.63,6.595,0.02763,5.4011,2.95,4.32,0.428,18.3,3,75,252,0,30.8
15.8,395.62,7.024,0.03359,5.4011,2.95,1.98,0.428,18.3,3,75,252,0,34.9
2.9,385.41,6.77,0.12744,5.7209,6.91,4.84,0.448,17.9,3,0,233,0,26.6
6.6,383.37,6.169,0.1415,5.7209,6.91,5.81,0.448,17.9,3,0,233,0,25.3
6.5,394.46,6.211,0.15936,5.7209,6.91,7.44,0.448,17.9,3,0,233,0,24.7
40,389.39,6.069,0.12269,5.7209,6.91,9.55,0.448,17.9,3,0,233,0,21.2
33.8,396.9,5.682,0.17142,5.1004,6.91,10.21,0.448,17.9,3,0,233,0,19.3
33.3,396.9,5.786,0.18836,5.1004,6.91,14.15,0.448,17.9,3,0,233,0,20
85.5,392.74,6.03,0.22927,5.6894,6.91,18.8,0.448,17.9,3,0,233,0,16.6
95.3,396.9,5.399,0.25387,5.87,6.91,30.81,0.448,17.9,3,0,233,0,14.4
62,396.9,5.602,0.21977,6.0877,6.91,16.2,0.448,17.9,3,0,233,0,19.4
45.7,395.56,5.963,0.08873,6.8147,5.64,13.45,0.439,16.8,4,21,243,0,19.7
63,393.97,6.115,0.04337,6.8147,5.64,9.43,0.439,16.8,4,21,243,0,20.5
21.1,396.9,6.511,0.0536,6.8147,5.64,5.28,0.439,16.8,4,21,243,0,25
21.4,396.9,5.998,0.04981,6.8147,5.64,8.43,0.439,16.8,4,21,243,0,23.4
47.6,396.9,5.888,0.0136,7.3197,4,14.8,0.41,21.1,3,75,469,0,18.9
21.9,395.93,7.249,0.01311,8.6966,1.22,4.81,0.403,17.9,5,90,226,0,35.4
35.7,396.9,6.383,0.02055,9.1876,0.74,5.77,0.41,17.3,2,85,313,0,24.7
40.5,392.9,6.816,0.01432,8.3248,1.32,3.95,0.411,15.1,5,100,256,0,31.6
29.2,390.68,6.145,0.15445,7.8148,5.13,6.86,0.453,19.7,8,25,284,0,23.3
47.2,396.9,5.927,0.10328,6.932,5.13,9.22,0.453,19.7,8,25,284,0,19.6
66.2,395.11,5.741,0.14932,7.2254,5.13,13.15,0.453,19.7,8,25,284,0,18.7
93.4,378.08,5.966,0.17171,6.8185,5.13,14.44,0.453,19.7,8,25,284,0,16
67.8,396.9,6.456,0.11027,7.2255,5.13,6.73,0.453,19.7,8,25,284,0,22.2
43.4,395.58,6.762,0.1265,7.9809,5.13,9.5,0.453,19.7,8,25,284,0,25
59.5,393.24,7.104,0.01951,9.2229,1.38,8.05,0.4161,18.6,3,17.5,216,0,33
17.8,396.9,6.29,0.03584,6.6115,3.37,4.67,0.398,16.1,4,80,337,0,23.5
31.1,396.9,5.787,0.04379,6.6115,3.37,10.24,0.398,16.1,4,80,337,0,19.4
21.4,396.21,5.878,0.05789,6.498,6.07,8.1,0.409,18.9,4,12.5,345,0,22
36.8,396.9,5.594,0.13554,6.498,6.07,13.09,0.409,18.9,4,12.5,345,0,17.4
33,396.9,5.885,0.12816,6.498,6.07,8.79,0.409,18.9,4,12.5,345,0,20.9
6.6,383.73,6.417,0.08826,5.2873,10.81,6.72,0.413,19.2,4,0,305,0,24.2
17.5,376.94,5.961,0.15876,5.2873,10.81,9.88,0.413,19.2,4,0,305,0,21.7
7.8,390.91,6.065,0.09164,5.2873,10.81,5.52,0.413,19.2,4,0,305,0,22.8
6.2,377.17,6.245,0.19539,5.2873,10.81,7.54,0.413,19.2,4,0,305,0,23.4
6,394.92,6.273,0.07896,4.2515,12.83,6.78,0.437,18.7,5,0,398,0,24.1
45,383.23,6.286,0.09512,4.5026,12.83,8.94,0.437,18.7,5,0,398,0,21.4
74.5,373.66,6.279,0.10153,4.0522,12.83,11.97,0.437,18.7,5,0,398,0,20
45.8,386.96,6.14,0.08707,4.0905,12.83,10.27,0.437,18.7,5,0,398,0,20.8
53.7,386.4,6.232,0.05646,5.0141,12.83,12.34,0.437,18.7,5,0,398,0,21.2
36.6,396.06,5.874,0.08387,4.5026,12.83,9.1,0.437,18.7,5,0,398,0,20.3
33.5,396.9,6.727,0.04113,5.4007,4.86,5.29,0.426,19,4,25,281,0,28
70.4,395.63,6.619,0.04462,5.4007,4.86,7.22,0.426,19,4,25,281,0,23.9
32.2,396.9,6.302,0.03659,5.4007,4.86,6.72,0.426,19,4,25,281,0,24.8
46.7,390.64,6.167,0.03551,5.4007,4.86,7.51,0.426,19,4,25,281,0,22.9
48,396.9,6.389,0.05059,4.7794,4.49,9.62,0.449,18.5,3,0,247,0,23.9
56.1,392.3,6.63,0.05735,4.4377,4.49,6.53,0.449,18.5,3,0,247,0,26.6
45.1,395.99,6.015,0.05188,4.4272,4.49,12.86,0.449,18.5,3,0,247,0,22.5
56.8,395.15,6.121,0.07151,3.7476,4.49,8.44,0.449,18.5,3,0,247,0,22.2
86.3,396.9,7.007,0.0566,3.4217,3.41,5.5,0.489,17.8,2,0,270,0,23.6
63.1,396.06,7.079,0.05302,3.4145,3.41,5.7,0.489,17.8,2,0,270,0,28.7
66.1,392.18,6.417,0.04684,3.0923,3.41,8.81,0.489,17.8,2,0,270,0,22.6
73.9,393.55,6.405,0.03932,3.0921,3.41,8.2,0.489,17.8,2,0,270,0,22
53.6,395.01,6.442,0.04203,3.6659,15.04,8.16,0.464,18.2,4,28,270,0,22.9
28.9,396.33,6.211,0.02875,3.6659,15.04,6.21,0.464,18.2,4,28,270,0,25
77.3,396.9,6.249,0.04294,3.615,15.04,10.59,0.464,18.2,4,28,270,0,20.6
57.8,357.98,6.625,0.12204,3.4952,2.89,6.65,0.445,18,2,0,276,0,28.4
69.6,391.83,6.163,0.11504,3.4952,2.89,11.34,0.445,18,2,0,276,0,21.4
76,396.9,8.069,0.12083,3.4952,2.89,4.21,0.445,18,2,0,276,0,38.7
36.9,393.53,7.82,0.08187,3.4952,2.89,3.57,0.445,18,2,0,276,0,43.8
62.5,396.9,7.416,0.0686,3.4952,2.89,6.19,0.445,18,2,0,276,0,33.2
79.9,394.76,6.727,0.14866,2.7778,8.56,9.42,0.52,20.9,5,0,384,0,27.5
71.3,395.58,6.781,0.11432,2.8561,8.56,7.67,0.52,20.9,5,0,384,0,26.5
85.4,70.8,6.405,0.22876,2.7147,8.56,10.63,0.52,20.9,5,0,384,0,18.6
87.4,394.47,6.137,0.21161,2.7147,8.56,13.44,0.52,20.9,5,0,384,0,19.3
90,392.69,6.167,0.1396,2.421,8.56,12.33,0.52,20.9,5,0,384,0,20.1
96.7,394.05,5.851,0.13262,2.1069,8.56,16.47,0.52,20.9,5,0,384,0,19.5
91.9,395.67,5.836,0.1712,2.211,8.56,18.66,0.52,20.9,5,0,384,0,19.5
85.2,387.69,6.127,0.13117,2.1224,8.56,14.09,0.52,20.9,5,0,384,0,20.4
97.1,395.24,6.474,0.12802,2.4329,8.56,12.27,0.52,20.9,5,0,384,0,19.8
91.2,391.23,6.229,0.26363,2.5451,8.56,15.55,0.52,20.9,5,0,384,0,19.4
54.4,393.49,6.195,0.10793,2.7778,8.56,13,0.52,20.9,5,0,384,0,21.7
81.6,395.59,6.715,0.10084,2.6775,10.01,10.16,0.547,17.8,6,0,432,0,22.8
92.9,394.95,5.913,0.12329,2.3534,10.01,16.21,0.547,17.8,6,0,432,0,18.8
95.4,396.9,6.092,0.22212,2.548,10.01,17.09,0.547,17.8,6,0,432,0,18.7
84.2,388.74,6.254,0.14231,2.2565,10.01,10.45,0.547,17.8,6,0,432,0,18.5
88.2,344.91,5.928,0.17134,2.4631,10.01,15.76,0.547,17.8,6,0,432,0,18.3
72.5,393.3,6.176,0.13158,2.7301,10.01,12.04,0.547,17.8,6,0,432,0,21.2
82.6,394.51,6.021,0.15098,2.7474,10.01,10.3,0.547,17.8,6,0,432,0,19.2
73.1,338.63,5.872,0.13058,2.4775,10.01,15.37,0.547,17.8,6,0,432,0,20.4
65.2,391.5,5.731,0.14476,2.7592,10.01,13.61,0.547,17.8,6,0,432,0,19.3
69.7,389.15,5.87,0.06899,2.2577,25.65,14.37,0.581,19.1,2,0,188,0,22
84.1,377.67,6.004,0.07165,2.1974,25.65,14.27,0.581,19.1,2,0,188,0,20.3
92.9,378.09,5.961,0.09299,2.0869,25.65,17.93,0.581,19.1,2,0,188,0,20.5
97,370.31,5.856,0.15038,1.9444,25.65,25.41,0.581,19.1,2,0,188,0,17.3
95.8,379.38,5.879,0.09849,2.0063,25.65,17.58,0.581,19.1,2,0,188,0,18.8
88.4,385.02,5.986,0.16902,1.9929,25.65,14.81,0.581,19.1,2,0,188,0,21.4
95.6,359.29,5.613,0.38735,1.7572,25.65,27.26,0.581,19.1,2,0,188,0,15.7
96,392.11,5.693,0.25915,1.7883,21.89,17.19,0.624,21.2,4,0,437,0,16.2
98.8,396.9,6.431,0.32543,1.8125,21.89,15.39,0.624,21.2,4,0,437,0,18
94.7,396.9,5.637,0.88125,1.9799,21.89,18.34,0.624,21.2,4,0,437,0,14.3
98.9,395.04,6.458,0.34006,2.1185,21.89,12.6,0.624,21.2,4,0,437,0,19.2
97.7,396.9,6.326,1.19294,2.271,21.89,12.26,0.624,21.2,4,0,437,0,19.6
97.9,385.76,6.372,0.59005,2.3274,21.89,11.12,0.624,21.2,4,0,437,0,23
95.4,388.69,5.822,0.32982,2.4699,21.89,15.03,0.624,21.2,4,0,437,0,18.4
98.4,262.76,5.757,0.97617,2.346,21.89,17.31,0.624,21.2,4,0,437,0,15.6
98.2,394.67,6.335,0.55778,2.1107,21.89,16.96,0.624,21.2,4,0,437,0,18.1
93.5,378.25,5.942,0.32264,1.9669,21.89,16.9,0.624,21.2,4,0,437,0,17.4
98.4,394.08,6.454,0.35233,1.8498,21.89,14.59,0.624,21.2,4,0,437,0,17.1
98.2,392.04,5.857,0.2498,1.6686,21.89,21.32,0.624,21.2,4,0,437,0,13.3
97.9,396.9,6.151,0.54452,1.6687,21.89,18.46,0.624,21.2,4,0,437,0,17.8
93.6,388.08,6.174,0.2909,1.6119,21.89,24.16,0.624,21.2,4,0,437,0,14
100,396.9,5.019,1.62864,1.4394,21.89,34.41,0.624,21.2,4,0,437,0,14.4
100,396.9,5.403,3.32105,1.3216,19.58,26.82,0.871,14.7,5,0,403,1,13.4
100,396.9,5.468,4.0974,1.4118,19.58,26.42,0.871,14.7,5,0,403,0,15.6
97.8,396.9,4.903,2.77974,1.3459,19.58,29.29,0.871,14.7,5,0,403,0,11.8
100,172.91,6.13,2.37934,1.4191,19.58,27.8,0.871,14.7,5,0,403,0,13.8
100,169.27,5.628,2.15505,1.5166,19.58,16.65,0.871,14.7,5,0,403,0,15.6
95.7,391.71,4.926,2.36862,1.4608,19.58,29.53,0.871,14.7,5,0,403,0,14.6
93.8,356.99,5.186,2.33099,1.5296,19.58,28.32,0.871,14.7,5,0,403,0,17.8
94.9,351.85,5.597,2.73397,1.5257,19.58,21.45,0.871,14.7,5,0,403,0,15.4
97.3,372.8,6.122,1.6566,1.618,19.58,14.1,0.871,14.7,5,0,403,0,21.5
100,341.6,5.404,1.49632,1.5916,19.58,13.28,0.871,14.7,5,0,403,0,19.6
88,343.28,5.012,1.12658,1.6102,19.58,12.12,0.871,14.7,5,0,403,1,15.3
98.5,261.95,5.709,2.14918,1.6232,19.58,15.79,0.871,14.7,5,0,403,0,19.4
96,321.02,6.129,1.41385,1.7494,19.58,15.12,0.871,14.7,5,0,403,1,17
82.6,88.01,6.152,3.53501,1.7455,19.58,15.02,0.871,14.7,5,0,403,1,15.6
94,88.63,5.272,2.44668,1.7364,19.58,16.14,0.871,14.7,5,0,403,0,13.1
97.4,363.43,6.943,1.22358,1.8773,19.58,4.59,0.605,14.7,5,0,403,0,41.3
100,353.89,6.066,1.34284,1.7573,19.58,6.43,0.605,14.7,5,0,403,0,24.3
100,364.31,6.51,1.42502,1.7659,19.58,7.39,0.871,14.7,5,0,403,0,23.3
92.6,338.92,6.25,1.27346,1.7984,19.58,5.5,0.605,14.7,5,0,403,1,27
90.8,374.43,7.489,1.46336,1.9709,19.58,1.73,0.605,14.7,5,0,403,0,50
98.2,389.61,7.802,1.83377,2.0407,19.58,1.92,0.605,14.7,5,0,403,1,50
93.9,388.45,8.375,1.51902,2.162,19.58,3.32,0.605,14.7,5,0,403,1,50
91.8,395.11,5.854,2.24236,2.422,19.58,11.64,0.605,14.7,5,0,403,0,22.7
93,240.16,6.101,2.924,2.2834,19.58,9.81,0.605,14.7,5,0,403,0,25
96.2,369.3,7.929,2.01019,2.0459,19.58,3.7,0.605,14.7,5,0,403,0,50
79.2,227.61,5.877,1.80028,2.4259,19.58,12.14,0.605,14.7,5,0,403,0,23.8
96.1,297.09,6.319,2.3004,2.1,19.58,11.1,0.605,14.7,5,0,403,0,23.8
95.2,330.04,6.402,2.44953,2.2625,19.58,11.32,0.605,14.7,5,0,403,0,22.3
94.6,292.29,5.875,1.20742,2.4259,19.58,14.43,0.605,14.7,5,0,403,0,17.4
97.3,348.13,5.88,2.3139,2.3887,19.58,12.03,0.605,14.7,5,0,403,0,19.1
88.5,396.9,5.572,0.13914,2.5961,4.05,14.69,0.51,16.6,5,0,296,0,23.1
84.1,395.5,6.416,0.09178,2.6463,4.05,9.04,0.51,16.6,5,0,296,0,23.6
68.7,393.23,5.859,0.08447,2.7019,4.05,9.64,0.51,16.6,5,0,296,0,22.6
33.1,390.96,6.546,0.06664,3.1323,4.05,5.33,0.51,16.6,5,0,296,0,29.4
47.2,393.23,6.02,0.07022,3.5549,4.05,10.11,0.51,16.6,5,0,296,0,23.2
73.4,395.6,6.315,0.05425,3.3175,4.05,6.29,0.51,16.6,5,0,296,0,24.6
74.4,391.27,6.86,0.06642,2.9153,4.05,6.92,0.51,16.6,5,0,296,0,29.9
58.4,396.9,6.98,0.0578,2.829,2.46,5.04,0.488,17.8,3,0,193,0,37.2
83.3,395.56,7.765,0.06588,2.741,2.46,7.56,0.488,17.8,3,0,193,0,39.8
62.2,396.9,6.144,0.06888,2.5979,2.46,9.45,0.488,17.8,3,0,193,0,36.2
92.2,394.12,7.155,0.09103,2.7006,2.46,4.82,0.488,17.8,3,0,193,0,37.9
95.6,396.9,6.563,0.10008,2.847,2.46,5.68,0.488,17.8,3,0,193,0,32.5
89.8,391,5.604,0.08308,2.9879,2.46,13.98,0.488,17.8,3,0,193,0,26.4
68.8,387.11,6.153,0.06047,3.2797,2.46,13.15,0.488,17.8,3,0,193,0,29.6
53.6,392.63,7.831,0.05602,3.1992,2.46,4.45,0.488,17.8,3,0,193,0,50
41.1,393.87,6.782,0.07875,3.7886,3.44,6.68,0.437,15.2,5,45,398,0,32
29.1,382.84,6.556,0.12579,4.5667,3.44,4.56,0.437,15.2,5,45,398,0,29.8
38.9,396.9,7.185,0.0837,4.5667,3.44,5.39,0.437,15.2,5,45,398,0,34.9
21.5,377.68,6.951,0.09068,6.4798,3.44,5.1,0.437,15.2,5,45,398,0,37
30.8,389.71,6.739,0.06911,6.4798,3.44,4.69,0.437,15.2,5,45,398,0,30.5
26.3,390.49,7.178,0.08664,6.4798,3.44,2.87,0.437,15.2,5,45,398,0,36.4
9.9,393.37,6.8,0.02187,6.2196,2.93,5.03,0.401,15.6,1,60,265,0,31.1
18.8,376.7,6.604,0.01439,6.2196,2.93,4.38,0.401,15.6,1,60,265,0,29.1
32,394.23,7.875,0.01381,5.6484,0.46,2.97,0.422,14.4,4,80,255,0,50
34.1,396.9,7.287,0.04011,7.309,1.52,4.08,0.404,12.6,2,80,329,0,33.3
36.6,354.31,7.107,0.04666,7.309,1.52,8.61,0.404,12.6,2,80,329,0,30.3
38.3,392.2,7.274,0.03768,7.309,1.52,6.62,0.404,12.6,2,80,329,0,34.6
15.3,396.9,6.975,0.0315,7.6534,1.47,4.56,0.403,17,3,95,402,0,34.9
13.9,384.3,7.135,0.01778,7.6534,1.47,4.45,0.403,17,3,95,402,0,32.9
38.4,393.77,6.162,0.03445,6.27,2.03,7.43,0.415,14.7,2,82.5,348,0,24.1
15.7,395.38,7.61,0.02177,6.27,2.03,3.11,0.415,14.7,2,82.5,348,0,42.3
33.2,392.78,7.853,0.0351,5.118,2.68,3.81,0.4161,14.7,4,95,224,0,48.5
31.9,390.55,8.034,0.02009,5.118,2.68,2.88,0.4161,14.7,4,95,224,0,50
22.3,396.9,5.891,0.13642,3.9454,10.59,10.87,0.489,18.6,4,0,277,0,22.6
52.5,394.87,6.326,0.22969,4.3549,10.59,10.97,0.489,18.6,4,0,277,0,24.4
72.7,389.43,5.783,0.25199,4.3549,10.59,18.06,0.489,18.6,4,0,277,0,22.5
59.1,381.32,6.064,0.13587,4.2392,10.59,14.66,0.489,18.6,4,0,277,1,24.4
100,396.9,5.344,0.43571,3.875,10.59,23.09,0.489,18.6,4,0,277,1,20
92.1,393.25,5.96,0.17446,3.8771,10.59,17.27,0.489,18.6,4,0,277,1,21.7
88.6,395.24,5.404,0.37578,3.665,10.59,23.98,0.489,18.6,4,0,277,1,19.3
53.8,390.94,5.807,0.21719,3.6526,10.59,16.03,0.489,18.6,4,0,277,1,22.4
32.3,385.81,6.375,0.14052,3.9454,10.59,9.38,0.489,18.6,4,0,277,0,28.1
9.8,348.93,5.412,0.28955,3.5875,10.59,29.55,0.489,18.6,4,0,277,0,23.7
42.4,393.63,6.182,0.19802,3.9454,10.59,9.47,0.489,18.6,4,0,277,0,25
56,392.8,5.888,0.0456,3.1121,13.89,13.51,0.55,16.4,5,0,276,1,23.3
85.1,392.78,6.642,0.07013,3.4211,13.89,9.69,0.55,16.4,5,0,276,0,28.7
93.8,396.9,5.951,0.11069,2.8893,13.89,17.92,0.55,16.4,5,0,276,1,21.5
92.4,393.74,6.373,0.11425,3.3633,13.89,10.5,0.55,16.4,5,0,276,1,23
88.5,391.7,6.951,0.35809,2.8617,6.2,9.71,0.507,17.4,8,0,307,1,26.7
91.3,395.24,6.164,0.40771,3.048,6.2,21.46,0.507,17.4,8,0,307,1,21.7
77.7,390.39,6.879,0.62356,3.2721,6.2,9.93,0.507,17.4,8,0,307,1,27.5
80.8,396.9,6.618,0.6147,3.2721,6.2,7.6,0.507,17.4,8,0,307,0,30.1
78.3,385.05,8.266,0.31533,2.8944,6.2,4.14,0.504,17.4,8,0,307,0,44.8
83,382,8.725,0.52693,2.8944,6.2,4.63,0.504,17.4,8,0,307,0,50
86.5,387.38,8.04,0.38214,3.2157,6.2,3.13,0.504,17.4,8,0,307,0,37.6
79.9,372.08,7.163,0.41238,3.2157,6.2,6.36,0.504,17.4,8,0,307,0,31.6
17,377.51,7.686,0.29819,3.3751,6.2,3.92,0.504,17.4,8,0,307,0,46.7
21.4,380.34,6.552,0.44178,3.3751,6.2,3.76,0.504,17.4,8,0,307,0,31.5
68.1,378.35,5.981,0.537,3.6715,6.2,11.65,0.504,17.4,8,0,307,0,24.3
76.9,376.14,7.412,0.46296,3.6715,6.2,5.25,0.504,17.4,8,0,307,0,31.7
73.3,385.91,8.337,0.57529,3.8384,6.2,2.47,0.507,17.4,8,0,307,0,41.7
70.4,378.95,8.247,0.33147,3.6519,6.2,3.95,0.507,17.4,8,0,307,0,48.3
66.5,360.2,6.726,0.44791,3.6519,6.2,8.05,0.507,17.4,8,0,307,1,29
61.5,376.75,6.086,0.33045,3.6519,6.2,10.88,0.507,17.4,8,0,307,0,24
76.5,388.45,6.631,0.52058,4.148,6.2,9.54,0.507,17.4,8,0,307,1,25.1
71.6,390.07,7.358,0.51183,4.148,6.2,4.73,0.507,17.4,8,0,307,0,31.5
18.5,379.41,6.481,0.08244,6.1899,4.93,6.36,0.428,16.6,6,30,300,0,23.7
42.2,383.78,6.606,0.09252,6.1899,4.93,7.37,0.428,16.6,6,30,300,0,23.3
54.3,391.25,6.897,0.11329,6.3361,4.93,11.38,0.428,16.6,6,30,300,0,22
65.1,394.62,6.095,0.10612,6.3361,4.93,12.4,0.428,16.6,6,30,300,0,20.1
52.9,372.75,6.358,0.1029,7.0355,4.93,11.22,0.428,16.6,6,30,300,0,22.2
7.8,374.71,6.393,0.12757,7.0355,4.93,5.19,0.428,16.6,6,30,300,0,23.7
76.5,372.49,5.593,0.20608,7.9549,5.86,12.5,0.431,19.1,7,22,330,0,17.6
70.2,389.13,5.605,0.19133,7.9549,5.86,18.46,0.431,19.1,7,22,330,0,18.5
34.9,390.18,6.108,0.33983,8.0555,5.86,9.16,0.431,19.1,7,22,330,0,24.3
79.2,376.14,6.226,0.19657,8.0555,5.86,10.15,0.431,19.1,7,22,330,0,20.5
49.1,374.71,6.433,0.16439,7.8265,5.86,9.52,0.431,19.1,7,22,330,0,24.5
17.5,393.74,6.718,0.19073,7.8265,5.86,6.56,0.431,19.1,7,22,330,0,26.2
13,396.28,6.487,0.1403,7.3967,5.86,5.9,0.431,19.1,7,22,330,0,24.4
8.9,377.07,6.438,0.21409,7.3967,5.86,3.59,0.431,19.1,7,22,330,0,24.8
6.8,386.09,6.957,0.08221,8.9067,5.86,3.53,0.431,19.1,7,22,330,0,29.6
8.4,396.9,8.259,0.36894,8.9067,5.86,3.54,0.431,19.1,7,22,330,0,42.8
32,392.89,6.108,0.04819,9.2203,3.64,6.57,0.392,16.4,1,80,315,0,21.9
19.1,395.18,5.876,0.03548,9.2203,3.64,9.25,0.392,16.4,1,80,315,0,20.9
34.2,386.34,7.454,0.01538,6.3361,3.75,3.11,0.394,15.9,3,90,244,0,44
86.9,389.7,8.704,0.61154,1.801,3.97,5.12,0.647,13,5,20,264,0,50
100,383.29,7.333,0.66351,1.8946,3.97,7.79,0.647,13,5,20,264,0,36
100,391.93,6.842,0.65665,2.0107,3.97,6.9,0.647,13,5,20,264,0,30.1
81.8,392.8,7.203,0.54011,2.1121,3.97,9.59,0.647,13,5,20,264,0,33.8
89.4,388.37,7.52,0.53412,2.1398,3.97,7.26,0.647,13,5,20,264,0,43.1
91.5,386.86,8.398,0.52014,2.2885,3.97,5.91,0.647,13,5,20,264,0,48.8
94.5,393.42,7.327,0.82526,2.0788,3.97,11.25,0.647,13,5,20,264,0,31
91.6,387.89,7.206,0.55007,1.9301,3.97,8.1,0.647,13,5,20,264,0,36.5
62.8,392.4,5.56,0.76162,1.9865,3.97,10.45,0.647,13,5,20,264,0,22.8
84.6,384.07,7.014,0.7857,2.1329,3.97,14.79,0.647,13,5,20,264,0,30.7
67,384.54,8.297,0.57834,2.4216,3.97,7.44,0.575,13,5,20,264,0,50
52.6,390.3,7.47,0.5405,2.872,3.97,3.16,0.575,13,5,20,264,0,43.5
61.5,391.34,5.92,0.09065,3.9175,6.96,13.65,0.464,18.6,3,20,223,1,20.7
42.1,388.65,5.856,0.29916,4.429,6.96,13,0.464,18.6,3,20,223,0,21.1
16.3,396.9,6.24,0.16211,4.429,6.96,6.59,0.464,18.6,3,20,223,0,25.2
58.7,394.96,6.538,0.1146,3.9175,6.96,7.73,0.464,18.6,3,20,223,0,24.4
51.8,390.77,7.691,0.22188,4.3665,6.96,6.58,0.464,18.6,3,20,223,1,35.2
32.9,396.9,6.758,0.05644,4.0776,6.41,3.53,0.447,17.6,4,40,254,1,32.4
42.8,396.9,6.854,0.09604,4.2673,6.41,2.98,0.447,17.6,4,40,254,0,32
49,389.25,7.267,0.10469,4.7872,6.41,6.05,0.447,17.6,4,40,254,1,33.2
27.6,393.45,6.826,0.06127,4.8628,6.41,4.16,0.447,17.6,4,40,254,1,33.1
32.1,396.9,6.482,0.07978,4.1403,6.41,7.19,0.447,17.6,4,40,254,0,29.1
32.2,396.9,6.812,0.21038,4.1007,3.33,4.85,0.4429,14.9,5,20,216,0,35.1
64.5,387.31,7.82,0.03578,4.6947,3.33,3.76,0.4429,14.9,5,20,216,0,45.4
37.2,392.23,6.968,0.03705,5.2447,3.33,4.59,0.4429,14.9,5,20,216,0,35.4
49.7,377.07,7.645,0.06129,5.2119,3.33,3.01,0.4429,14.9,5,20,216,1,46
24.8,395.52,7.923,0.01501,5.885,1.21,3.16,0.401,13.6,1,90,198,1,50
20.8,394.72,7.088,0.00906,7.3073,2.97,7.85,0.4,15.3,1,90,285,0,32.2
31.9,394.72,6.453,0.01096,7.3073,2.25,8.23,0.389,15.3,1,55,300,0,22
31.5,341.6,6.23,0.01965,9.0892,1.76,12.93,0.385,18.2,1,80,241,0,20.1
31.3,396.9,6.209,0.03871,7.3172,5.32,7.14,0.405,16.6,6,52.5,293,0,23.2
45.6,396.9,6.315,0.0459,7.3172,5.32,7.6,0.405,16.6,6,52.5,293,0,22.3
22.9,371.72,6.565,0.04297,7.3172,5.32,9.51,0.405,16.6,6,52.5,293,0,24.8
27.9,396.9,6.861,0.03502,5.1167,4.95,3.33,0.411,19.2,4,80,245,0,28.5
27.7,396.9,7.148,0.07886,5.1167,4.95,3.56,0.411,19.2,4,80,245,0,37.3
23.4,396.9,6.63,0.03615,5.1167,4.95,4.7,0.411,19.2,4,80,245,0,27.9
18.4,396.9,6.127,0.08265,5.5027,13.92,8.58,0.437,16,4,0,289,0,23.9
42.3,396.9,6.009,0.08199,5.5027,13.92,10.4,0.437,16,4,0,289,0,21.7
31.1,396.9,6.678,0.12932,5.9604,13.92,6.27,0.437,16,4,0,289,0,28.6
51,392.85,6.549,0.05372,5.9604,13.92,7.39,0.437,16,4,0,289,0,27.1
58,396.9,5.79,0.14103,6.32,13.92,15.84,0.437,16,4,0,289,0,20.3
20.1,368.24,6.345,0.06466,7.8278,2.24,4.97,0.4,14.8,5,70,358,0,22.5
10,371.58,7.041,0.05561,7.8278,2.24,4.74,0.4,14.8,5,70,358,0,29
47.4,390.86,6.871,0.04417,7.8278,2.24,6.07,0.4,14.8,5,70,358,0,24.8
40.4,395.75,6.59,0.03537,5.4917,6.09,9.5,0.433,16.1,7,34,329,0,22
18.4,383.61,6.495,0.09266,5.4917,6.09,8.67,0.433,16.1,7,34,329,0,26.4
17.7,390.43,6.982,0.1,5.4917,6.09,4.86,0.433,16.1,7,34,329,0,33.1
41.1,393.68,7.236,0.05515,4.022,2.18,6.93,0.472,18.4,7,33,222,0,36.1
58.1,393.36,6.616,0.05479,3.37,2.18,8.93,0.472,18.4,7,33,222,0,28.4
71.9,396.9,7.42,0.07503,3.0992,2.18,6.47,0.472,18.4,7,33,222,0,33.4
70.3,396.9,6.849,0.04932,3.1827,2.18,7.53,0.472,18.4,7,33,222,0,28.2
82.5,396.9,6.635,0.49298,3.3175,9.9,4.54,0.544,18.4,4,0,304,0,22.8
76.7,396.24,5.972,0.3494,3.1025,9.9,9.97,0.544,18.4,4,0,304,0,20.3
37.8,350.45,4.973,2.63548,2.5194,9.9,12.64,0.544,18.4,4,0,304,0,16.1
52.8,396.9,6.122,0.79041,2.6403,9.9,5.98,0.544,18.4,4,0,304,0,22.1
90.4,396.3,6.023,0.26169,2.834,9.9,11.72,0.544,18.4,4,0,304,0,19.4
82.8,393.39,6.266,0.26938,3.2628,9.9,7.9,0.544,18.4,4,0,304,0,21.6
87.3,395.69,6.567,0.3692,3.6023,9.9,9.28,0.544,18.4,4,0,304,0,23.8
77.7,396.42,5.705,0.25356,3.945,9.9,11.5,0.544,18.4,4,0,304,0,16.2
83.2,390.7,5.914,0.31827,3.9986,9.9,18.33,0.544,18.4,4,0,304,0,17.8
71.7,396.9,5.782,0.24522,4.0317,9.9,15.94,0.544,18.4,4,0,304,0,19.8
67.2,395.21,6.382,0.40202,3.5325,9.9,10.36,0.544,18.4,4,0,304,0,23.1
58.8,396.23,6.113,0.47547,4.0019,9.9,12.73,0.544,18.4,4,0,304,0,21
52.3,396.9,6.426,0.1676,4.5404,7.38,7.2,0.493,19.6,5,0,287,0,23.8
54.3,396.9,6.376,0.18159,4.5404,7.38,6.87,0.493,19.6,5,0,287,0,23.1
49.9,396.9,6.041,0.35114,4.7211,7.38,7.7,0.493,19.6,5,0,287,0,20.4
74.3,391.13,5.708,0.28392,4.7211,7.38,11.74,0.493,19.6,5,0,287,0,18.5
40.1,396.9,6.415,0.34109,4.7211,7.38,6.12,0.493,19.6,5,0,287,0,25
14.7,393.68,6.431,0.19186,5.4159,7.38,5.08,0.493,19.6,5,0,287,0,24.6
28.9,396.9,6.312,0.30347,5.4159,7.38,6.15,0.493,19.6,5,0,287,0,23
43.7,396.9,6.083,0.24103,5.4159,7.38,12.79,0.493,19.6,5,0,287,0,22.2
25.8,382.44,5.868,0.06617,5.2146,3.24,9.97,0.46,16.9,4,0,430,0,19.3
17.2,375.21,6.333,0.06724,5.2146,3.24,7.34,0.46,16.9,4,0,430,0,22.6
32.2,368.57,6.144,0.04544,5.8736,3.24,9.09,0.46,16.9,4,0,430,0,19.8
28.4,394.02,5.706,0.05023,6.6407,6.06,12.43,0.4379,16.9,1,35,304,0,17.1
23.3,362.25,6.031,0.03466,6.6407,6.06,7.83,0.4379,16.9,1,35,304,0,19.4
38.1,389.71,6.316,0.05083,6.4584,5.19,5.68,0.515,20.2,5,0,224,0,22.2
38.5,389.4,6.31,0.03738,6.4584,5.19,6.75,0.515,20.2,5,0,224,0,20.7
34.5,396.9,6.037,0.03961,5.9853,5.19,8.01,0.515,20.2,5,0,224,0,21.1
46.3,396.9,5.869,0.03427,5.2311,5.19,9.8,0.515,20.2,5,0,224,0,19.5
59.6,394.81,5.895,0.03041,5.615,5.19,10.56,0.515,20.2,5,0,224,0,18.5
37.3,396.14,6.059,0.03306,4.8122,5.19,8.51,0.515,20.2,5,0,224,0,20.6
45.4,396.9,5.985,0.05497,4.8122,5.19,9.74,0.515,20.2,5,0,224,0,19
58.5,396.9,5.968,0.06151,4.8122,5.19,9.29,0.515,20.2,5,0,224,0,18.7
49.3,394.74,7.241,0.01301,7.0379,1.52,5.49,0.442,15.5,1,35,284,0,32.7
59.7,389.96,6.54,0.02498,6.2669,1.89,8.65,0.518,15.9,1,0,422,0,16.5
56.4,396.9,6.696,0.02543,5.7321,3.78,7.18,0.484,17.6,5,55,370,0,23.9
28.1,387.97,6.874,0.03049,6.4654,3.78,4.61,0.484,17.6,5,55,370,0,31.2
48.5,385.64,6.014,0.03113,8.0136,4.39,10.53,0.442,18.8,3,0,352,0,17.5
52.3,364.61,5.898,0.06162,8.0136,4.39,12.67,0.442,18.8,3,0,352,0,17.2
27.7,392.43,6.516,0.0187,8.5353,4.15,6.36,0.429,17.9,4,85,351,0,23.1
29.7,390.94,6.635,0.01501,8.344,2.01,5.99,0.435,17,4,80,280,0,24.5
34.5,389.85,6.939,0.02899,8.7921,1.25,5.89,0.429,19.7,1,40,335,0,26.6
44.4,396.9,6.49,0.06211,8.7921,1.25,5.98,0.429,19.7,1,40,335,0,22.9
35.9,370.78,6.579,0.0795,10.7103,1.69,5.49,0.411,18.3,4,60,411,0,24.1
18.5,392.33,5.884,0.07244,10.7103,1.69,7.79,0.411,18.3,4,60,411,0,18.6
36.1,384.46,6.728,0.01709,12.1265,2.02,4.5,0.41,17,5,90,187,0,30.1
21.9,382.8,5.663,0.04301,10.5857,1.91,8.05,0.413,22,4,80,334,0,18.2
19.5,376.04,5.936,0.10659,10.5857,1.91,5.57,0.413,22,4,80,334,0,20.6
97.4,377.73,6.212,8.98296,2.1222,18.1,17.6,0.77,20.2,24,0,666,1,17.8
91,391.34,6.395,3.8497,2.5052,18.1,13.27,0.77,20.2,24,0,666,1,21.7
83.4,395.43,6.127,5.20177,2.7227,18.1,11.48,0.77,20.2,24,0,666,1,22.7
81.3,390.74,6.112,4.26131,2.5091,18.1,12.67,0.77,20.2,24,0,666,0,22.6
88,374.56,6.398,4.54192,2.5182,18.1,7.79,0.77,20.2,24,0,666,0,25
91.1,350.65,6.251,3.83684,2.2955,18.1,14.19,0.77,20.2,24,0,666,0,19.9
96.2,380.79,5.362,3.67822,2.1036,18.1,10.19,0.77,20.2,24,0,666,0,20.8
89,353.04,5.803,4.22239,1.9047,18.1,14.64,0.77,20.2,24,0,666,1,16.8
82.9,354.55,8.78,3.47428,1.9047,18.1,5.29,0.718,20.2,24,0,666,1,21.9
87.9,354.7,3.561,4.55587,1.6132,18.1,7.12,0.718,20.2,24,0,666,0,27.5
91.4,316.03,4.963,3.69695,1.7523,18.1,14,0.718,20.2,24,0,666,0,21.9
100,131.42,3.863,13.5222,1.5106,18.1,13.33,0.631,20.2,24,0,666,0,23.1
100,375.52,4.97,4.89822,1.3325,18.1,3.26,0.631,20.2,24,0,666,0,50
96.8,375.33,6.683,5.66998,1.3567,18.1,3.73,0.631,20.2,24,0,666,1,50
97.5,392.05,7.016,6.53876,1.2024,18.1,2.96,0.631,20.2,24,0,666,1,50
100,366.15,6.216,9.2323,1.1691,18.1,9.53,0.631,20.2,24,0,666,0,50
89.6,347.88,5.875,8.26725,1.1296,18.1,8.88,0.668,20.2,24,0,666,1,50
100,396.9,4.906,11.1081,1.1742,18.1,34.77,0.668,20.2,24,0,666,0,13.8
100,396.9,4.138,18.4982,1.137,18.1,37.97,0.668,20.2,24,0,666,0,13.8
97.9,396.9,7.313,19.6091,1.3163,18.1,13.44,0.671,20.2,24,0,666,0,15
93.3,363.02,6.649,15.288,1.3449,18.1,23.24,0.671,20.2,24,0,666,0,13.9
98.8,396.9,6.794,9.82349,1.358,18.1,21.24,0.671,20.2,24,0,666,0,13.3
96.2,396.9,6.38,23.6482,1.3861,18.1,23.69,0.671,20.2,24,0,666,0,13.1
100,393.74,6.223,17.8667,1.3861,18.1,21.78,0.671,20.2,24,0,666,0,10.2
91.9,396.9,6.968,88.9762,1.4165,18.1,17.21,0.671,20.2,24,0,666,0,10.4
99.1,396.9,6.545,15.8744,1.5192,18.1,21.08,0.671,20.2,24,0,666,0,10.9
100,396.9,5.536,9.18702,1.5804,18.1,23.6,0.7,20.2,24,0,666,0,11.3
100,396.9,5.52,7.99248,1.5331,18.1,24.56,0.7,20.2,24,0,666,0,12.3
91.2,285.83,4.368,20.0849,1.4395,18.1,30.63,0.7,20.2,24,0,666,0,8.8
98.1,396.9,5.277,16.8118,1.4261,18.1,30.81,0.7,20.2,24,0,666,0,7.2
100,396.9,4.652,24.3938,1.4672,18.1,28.28,0.7,20.2,24,0,666,0,10.5
89.5,396.9,5,22.5971,1.5184,18.1,31.99,0.7,20.2,24,0,666,0,7.4
100,372.92,4.88,14.3337,1.5895,18.1,30.62,0.7,20.2,24,0,666,0,10.2
98.9,396.9,5.39,8.15174,1.7281,18.1,20.85,0.7,20.2,24,0,666,0,11.5
97,394.43,5.713,6.96215,1.9265,18.1,17.11,0.7,20.2,24,0,666,0,15.1
82.5,378.38,6.051,5.29305,2.1678,18.1,18.76,0.7,20.2,24,0,666,0,23.2
97,396.9,5.036,11.5779,1.77,18.1,25.68,0.7,20.2,24,0,666,0,9.7
92.6,396.9,6.193,8.64476,1.7912,18.1,15.17,0.693,20.2,24,0,666,0,13.8
94.7,396.9,5.887,13.3598,1.7821,18.1,16.35,0.693,20.2,24,0,666,0,12.7
98.8,391.98,6.471,8.71675,1.7257,18.1,17.12,0.693,20.2,24,0,666,0,13.1
96,396.9,6.405,5.87205,1.6768,18.1,19.37,0.693,20.2,24,0,666,0,12.5
98.9,393.1,5.747,7.67202,1.6334,18.1,19.92,0.693,20.2,24,0,666,0,8.5
100,396.9,5.453,38.3518,1.4896,18.1,30.59,0.693,20.2,24,0,666,0,5
77.8,338.16,5.852,9.91655,1.5004,18.1,29.97,0.693,20.2,24,0,666,0,6.3
100,396.9,5.987,25.0461,1.5888,18.1,26.77,0.693,20.2,24,0,666,0,5.6
100,396.9,6.343,14.2362,1.5741,18.1,20.32,0.693,20.2,24,0,666,0,7.2
100,376.11,6.404,9.59571,1.639,18.1,20.31,0.693,20.2,24,0,666,0,12.1
96,396.9,5.349,24.8017,1.7028,18.1,19.77,0.693,20.2,24,0,666,0,8.3
85.4,329.46,5.531,41.5292,1.6074,18.1,27.38,0.693,20.2,24,0,666,0,8.5
100,384.97,5.683,67.9208,1.4254,18.1,22.98,0.693,20.2,24,0,666,0,5
100,370.22,4.138,20.7162,1.1781,18.1,23.34,0.659,20.2,24,0,666,0,11.9
100,332.09,5.608,11.9511,1.2852,18.1,12.13,0.659,20.2,24,0,666,0,27.9
97.9,314.64,5.617,7.40389,1.4547,18.1,26.4,0.597,20.2,24,0,666,0,17.2
100,179.36,6.852,14.4383,1.4655,18.1,19.78,0.597,20.2,24,0,666,0,27.5
100,2.6,5.757,51.1358,1.413,18.1,10.11,0.597,20.2,24,0,666,0,15
100,35.05,6.657,14.0507,1.5275,18.1,21.22,0.597,20.2,24,0,666,0,17.2
100,28.79,4.628,18.811,1.5539,18.1,34.37,0.597,20.2,24,0,666,0,17.9
100,210.97,5.155,28.6558,1.5894,18.1,20.08,0.597,20.2,24,0,666,0,16.3
100,88.27,4.519,45.7461,1.6582,18.1,36.98,0.693,20.2,24,0,666,0,7
100,27.25,6.434,18.0846,1.8347,18.1,29.05,0.679,20.2,24,0,666,0,7.2
90.8,21.57,6.782,10.8342,1.8195,18.1,25.79,0.679,20.2,24,0,666,0,7.5
89.1,127.36,5.304,25.9406,1.6475,18.1,26.64,0.679,20.2,24,0,666,0,10.4
100,16.45,5.957,73.5341,1.8026,18.1,20.62,0.679,20.2,24,0,666,0,8.8
76.5,48.45,6.824,11.8123,1.794,18.1,22.74,0.718,20.2,24,0,666,0,8.4
100,318.75,6.411,11.0874,1.8589,18.1,15.02,0.718,20.2,24,0,666,0,16.7
95.3,319.98,6.006,7.02259,1.8746,18.1,15.7,0.718,20.2,24,0,666,0,14.2
87.6,291.55,5.648,12.0482,1.9512,18.1,14.1,0.614,20.2,24,0,666,0,20.8
85.1,2.52,6.103,7.05042,2.0218,18.1,23.29,0.614,20.2,24,0,666,0,13.4
70.6,3.65,5.565,8.79212,2.0635,18.1,17.16,0.584,20.2,24,0,666,0,11.7
95.4,7.68,5.896,15.8603,1.9096,18.1,24.39,0.679,20.2,24,0,666,0,8.3
59.7,24.65,5.837,12.2472,1.9976,18.1,15.69,0.584,20.2,24,0,666,0,10.2
78.7,18.82,6.202,37.6619,1.8629,18.1,14.52,0.679,20.2,24,0,666,0,10.9
78.1,96.73,6.193,7.36711,1.9356,18.1,21.52,0.679,20.2,24,0,666,0,11
95.6,60.72,6.38,9.33889,1.9682,18.1,24.08,0.679,20.2,24,0,666,0,9.5
86.1,83.45,6.348,8.49213,2.0527,18.1,17.64,0.584,20.2,24,0,666,0,14.5
94.3,81.33,6.833,10.0623,2.0882,18.1,19.69,0.584,20.2,24,0,666,0,14.1
74.8,97.95,6.425,6.44405,2.2004,18.1,12.03,0.584,20.2,24,0,666,0,16.1
87.9,100.19,6.436,5.58107,2.3158,18.1,16.22,0.713,20.2,24,0,666,0,14.3
95,100.63,6.208,13.9134,2.2222,18.1,15.17,0.713,20.2,24,0,666,0,11.7
94.6,109.85,6.629,11.1604,2.1247,18.1,23.27,0.74,20.2,24,0,666,0,13.4
93.3,27.49,6.461,14.4208,2.0026,18.1,18.05,0.74,20.2,24,0,666,0,9.6
100,9.32,6.152,15.1772,1.9142,18.1,26.45,0.74,20.2,24,0,666,0,8.7
87.9,68.95,5.935,13.6781,1.8206,18.1,34.02,0.74,20.2,24,0,666,0,8.4
93.9,396.9,5.627,9.39063,1.8172,18.1,22.88,0.74,20.2,24,0,666,0,12.8
92.4,391.45,5.818,22.0511,1.8662,18.1,22.11,0.74,20.2,24,0,666,0,10.5
97.2,385.96,6.406,9.72418,2.0651,18.1,19.52,0.74,20.2,24,0,666,0,17.1
100,395.69,6.219,5.66637,2.0048,18.1,16.59,0.74,20.2,24,0,666,0,18.4
100,386.73,6.485,9.96654,1.9784,18.1,18.85,0.74,20.2,24,0,666,0,15.4
96.6,240.52,5.854,12.8023,1.8956,18.1,23.79,0.74,20.2,24,0,666,0,10.8
94.8,43.06,6.459,10.6718,1.9879,18.1,23.98,0.74,20.2,24,0,666,0,11.8
96.4,318.01,6.341,6.28807,2.072,18.1,17.79,0.74,20.2,24,0,666,0,14.9
96.6,388.52,6.251,9.92485,2.198,18.1,16.44,0.74,20.2,24,0,666,0,12.6
98.7,396.9,6.185,9.32909,2.2616,18.1,18.13,0.713,20.2,24,0,666,0,14.1
98.3,304.21,6.417,7.52601,2.185,18.1,19.31,0.713,20.2,24,0,666,0,13
92.6,0.32,6.749,6.71772,2.3236,18.1,17.44,0.713,20.2,24,0,666,0,13.4
98.2,355.29,6.655,5.44114,2.3552,18.1,17.73,0.713,20.2,24,0,666,0,15.2
91.8,385.09,6.297,5.09017,2.3682,18.1,17.27,0.713,20.2,24,0,666,0,16.1
99.3,375.87,7.393,8.24809,2.4527,18.1,16.74,0.713,20.2,24,0,666,0,17.8
94.1,6.68,6.728,9.51363,2.4961,18.1,18.71,0.713,20.2,24,0,666,0,14.9
86.5,50.92,6.525,4.75237,2.4358,18.1,18.13,0.713,20.2,24,0,666,0,14.1
87.9,10.48,5.976,4.66883,2.5806,18.1,19.01,0.713,20.2,24,0,666,0,12.7
80.3,3.5,5.936,8.20058,2.7792,18.1,16.94,0.713,20.2,24,0,666,0,13.5
83.7,272.21,6.301,7.75223,2.7831,18.1,16.23,0.713,20.2,24,0,666,0,14.9
84.4,396.9,6.081,6.80117,2.7175,18.1,14.7,0.713,20.2,24,0,666,0,20
90,255.23,6.701,4.81213,2.5975,18.1,16.42,0.713,20.2,24,0,666,0,16.4
88.4,391.43,6.376,3.69311,2.5671,18.1,14.65,0.713,20.2,24,0,666,0,17.7
83,396.9,6.317,6.65492,2.7344,18.1,13.99,0.713,20.2,24,0,666,0,19.5
89.9,393.82,6.513,5.82115,2.8016,18.1,10.29,0.713,20.2,24,0,666,0,20.2
65.4,396.9,6.209,7.83932,2.9634,18.1,13.22,0.655,20.2,24,0,666,0,21.4
48.2,334.4,5.759,3.1636,3.0665,18.1,14.13,0.655,20.2,24,0,666,0,19.9
84.7,22.01,5.952,3.77498,2.8715,18.1,17.15,0.655,20.2,24,0,666,0,19
94.5,331.29,6.003,4.42228,2.5403,18.1,21.32,0.584,20.2,24,0,666,0,19.1
71,368.74,5.926,15.5757,2.9084,18.1,18.13,0.58,20.2,24,0,666,0,19.1
56.7,396.9,5.713,13.0751,2.8237,18.1,14.76,0.58,20.2,24,0,666,0,20.1
84,396.9,6.167,4.34879,3.0334,18.1,16.29,0.58,20.2,24,0,666,0,19.9
90.7,395.33,6.229,4.03841,3.0993,18.1,12.87,0.532,20.2,24,0,666,0,19.6
75,393.37,6.437,3.56868,2.8965,18.1,14.36,0.58,20.2,24,0,666,0,23.2
67.6,374.68,6.98,4.64689,2.5329,18.1,11.66,0.614,20.2,24,0,666,0,29.8
95.4,352.58,5.427,8.05579,2.4298,18.1,18.14,0.584,20.2,24,0,666,0,13.8
97.4,302.76,6.162,6.39312,2.206,18.1,24.1,0.584,20.2,24,0,666,0,13.3
93.6,396.21,6.484,4.87141,2.3053,18.1,18.68,0.614,20.2,24,0,666,0,16.7
97.3,349.48,5.304,15.0234,2.1007,18.1,24.91,0.614,20.2,24,0,666,0,12
96.7,379.7,6.185,10.233,2.1705,18.1,18.03,0.614,20.2,24,0,666,0,14.6
88,383.32,6.229,14.3337,1.9512,18.1,13.11,0.614,20.2,24,0,666,0,21.4
64.7,396.9,6.242,5.82401,3.4242,18.1,10.74,0.532,20.2,24,0,666,0,23
74.9,393.07,6.75,5.70818,3.3317,18.1,7.74,0.532,20.2,24,0,666,0,23.7
77,395.28,7.061,5.73116,3.4106,18.1,7.01,0.532,20.2,24,0,666,0,25
40.3,392.92,5.762,2.81838,4.0983,18.1,10.42,0.532,20.2,24,0,666,0,21.8
41.9,370.73,5.871,2.37857,3.724,18.1,13.34,0.583,20.2,24,0,666,0,20.6
51.9,388.62,6.312,3.67367,3.9917,18.1,10.58,0.583,20.2,24,0,666,0,21.2
79.8,392.68,6.114,5.69175,3.5459,18.1,14.98,0.583,20.2,24,0,666,0,19.1
53.2,388.22,5.905,4.83567,3.1523,18.1,11.45,0.583,20.2,24,0,666,0,20.6
92.7,395.09,5.454,0.15086,1.8209,27.74,18.06,0.609,20.1,4,0,711,0,15.2
98.3,344.05,5.414,0.18337,1.7554,27.74,23.97,0.609,20.1,4,0,711,0,7
98,318.43,5.093,0.20746,1.8226,27.74,29.68,0.609,20.1,4,0,711,0,8.1
98.8,390.11,5.983,0.10574,1.8681,27.74,18.07,0.609,20.1,4,0,711,0,13.6
83.5,396.9,5.983,0.11132,2.1099,27.74,13.35,0.609,20.1,4,0,711,0,20.1
54,396.9,5.707,0.17331,2.3817,9.69,12.01,0.585,19.2,6,0,391,0,21.8
42.6,396.9,5.926,0.27957,2.3817,9.69,13.59,0.585,19.2,6,0,391,0,24.5
28.8,393.29,5.67,0.17899,2.7986,9.69,17.6,0.585,19.2,6,0,391,0,23.1
72.9,396.9,5.39,0.2896,2.7986,9.69,21.14,0.585,19.2,6,0,391,0,19.7
70.6,396.9,5.794,0.26838,2.8927,9.69,14.1,0.585,19.2,6,0,391,0,18.3
65.3,396.9,6.019,0.23912,2.4091,9.69,12.92,0.585,19.2,6,0,391,0,21.2
73.5,395.77,5.569,0.17783,2.3999,9.69,15.1,0.585,19.2,6,0,391,0,17.5
79.7,396.9,6.027,0.22438,2.4982,9.69,14.33,0.585,19.2,6,0,391,0,16.8
69.1,391.99,6.593,0.06263,2.4786,11.93,9.67,0.573,21,1,0,273,0,22.4
76.7,396.9,6.12,0.04527,2.2875,11.93,9.08,0.573,21,1,0,273,0,20.6
91,396.9,6.976,0.06076,2.1675,11.93,5.64,0.573,21,1,0,273,0,23.9
89.3,393.45,6.794,0.10959,2.3889,11.93,6.48,0.573,21,1,0,273,0,22
80.8,396.9,6.03,0.04741,2.505,11.93,7.88,0.573,21,1,0,273,0,11.9
